HAUL,TIME_OF_DAY,TOTAL_PAX,TIER1_ELIGIBLE_PAX,TIER2_ELIGIBLE_PAX,TIER3_ELIGIBLE_PAX,Nivel 1 %,Nivel 2 %,Nivel 3 %
LONG,Afternoon,274736,545,7598,28906,0.0019837225554714343,0.02765564032380176,0.10521373245588492
LONG,Evening,347168,736,9285,35634,0.0021200110609272743,0.02674497649552954,0.10264194856668818
LONG,Lunchtime,126102,223,3418,13094,0.001768409700084059,0.027105041950167323,0.10383657673946488
LONG,Morning,426563,876,11897,45356,0.002053623966448098,0.02789037023839386,0.10632895961440632
SHORT,Afternoon,245880,840,10606,40785,0.003416300634455832,0.04313486253456971,0.16587359687652514
SHORT,Evening,320940,1054,14287,54546,0.0032841029475914503,0.044516108930018075,0.16995700130865582
SHORT,Lunchtime,136260,537,6198,23539,0.003940995156318803,0.04548656979304271,0.17275062380742698
SHORT,Morning,372420,1266,16230,62354,0.0033993877879813115,0.04357982922506847,0.16742924654959454
